id,استان,شهرستان,جمع,مرد,زن,شهری,روستایی
07,يزد,ابركوه, 54.3 , 27.8 , 26.5 , 39.3 , 14.9 
01,زنجان,ابهر, 160.6 , 81.2 , 79.4 , 136.0 , 24.6 
01,هرمزگان,ابوموسي, 8.1 , 6.4 , 1.7 , 4.6 , 3.4 
01,مرکزي,اراک, 603.2 , 305.3 , 297.8 , 539.7 , 63.5 
01,اردبيل,اردبيل, 639.6 , 324.7 , 314.9 , 571.9 , 67.7 
01,اصفهان,اردستان, 42.2 , 21.4 , 20.8 , 28.3 , 13.9 
01,يزد,اردكان, 115.5 , 62.7 , 52.9 , 101.5 , 14.0 
05,چهارمحال وبختياري,اردل, 46.3 , 23.4 , 22.9 , 21.0 , 25.4 
23,كرمان,ارزوئيه, 34.0 , 17.1 , 16.9 , 7.1 , 26.9 
17,فارس,ارسنجان, 44.2 , 22.4 , 21.8 , 17.6 , 26.6 
01,آذربايجان غربي,اروميه," 1,109.2 ", 560.0 , 549.2 , 794.3 , 314.8 
07,لرستان,ازنا, 77.3 , 39.2 , 38.1 , 51.4 , 25.9 
02,فارس,استهبان, 71.0 , 35.9 , 35.2 , 49.7 , 21.3 
06,همدان,اسدآباد, 98.0 , 49.0 , 49.0 , 59.1 , 39.0 
01,خراسان شمالي,اسفراين, 118.3 , 59.8 , 58.5 , 64.2 , 54.1 
22,آذربايجان شرقي,اسکو, 163.6 , 82.7 , 80.9 , 122.1 , 41.5 
01,کرمانشاه,اسلام آبادغرب, 134.2 , 67.9 , 66.4 , 92.3 , 42.0 
10,تهران,اسلامشهر, 592.5 , 300.9 , 291.6 , 556.2 , 36.3 
05,البرز,اشتهارد, 41.9 , 21.1 , 20.8 , 35.0 , 6.9 
08,يزد,اشکذر, 35.0 , 18.4 , 16.6 , 21.9 , 13.1 
13,آذربايجان غربي,اشنويه, 77.7 , 38.7 , 39.0 , 45.1 , 32.6 
02,اصفهان,اصفهان," 2,178.7 "," 1,097.9 "," 1,080.9 "," 2,102.8 ", 75.9 
11,اردبيل,اصلاندوز, 37.0 , 19.6 , 17.4 , 6.9 , 30.1 
03,فارس,اقليد, 93.8 , 47.2 , 46.5 , 56.9 , 36.9 
05,قزوين,البرز,269.4,136.6,132.8,241.4,28.0
01,لرستان,اليگودرز, 137.4 , 70.3 , 67.1 , 96.3 , 41.1 
13,گيلان,املش, 42.0 , 20.9 , 21.1 , 18.1 , 23.9 
16,خوزستان,اميديه, 99.5 , 50.4 , 49.1 , 77.4 , 22.1 
20,كرمان,انار, 36.5 , 18.8 , 17.7 , 20.6 , 15.9 
21,خوزستان,انديکا, 44.6 , 22.4 , 22.3 , 4.6 , 40.0 
02,خوزستان,انديمشک, 178.5 , 90.9 , 87.7 , 159.9 , 18.7 
12,اردبيل,انگوت, 19.4 , 9.9 , 9.4 , 2.9 , 16.5 
02,آذربايجان شرقي,اهر, 136.5 , 68.7 , 67.8 , 103.8 , 32.7 
03,خوزستان,اهواز," 1,420.1 ", 717.1 , 703.0 ," 1,347.2 ", 72.9 
36,فارس,اوز, 38.2 , 19.0 , 19.2 , 20.7 , 17.4 
06,زنجان,ايجرود, 36.2 , 18.3 , 17.9 , 3.3 , 33.0 
04,خوزستان,ايذه, 180.0 , 90.1 , 89.9 , 124.8 , 55.2 
01,سيستان وبلوچستان,ايرانشهر, 227.2 , 115.0 , 112.3 , 145.3 , 82.0 
01,ايلام,ايلام, 240.1 , 121.6 , 118.5 , 210.7 , 29.4 
07,ايلام,ايوان, 49.6 , 24.9 , 24.7 , 35.2 , 14.3 
01,خوزستان,آبادان, 322.8 , 162.0 , 160.8 , 272.1 , 50.7 
01,فارس,آباده, 103.2 , 52.1 , 51.1 , 90.7 , 12.5 
06,ايلام,آبدانان, 48.3 , 24.5 , 23.7 , 31.1 , 17.2 
04,قزوين,آبيك,99.5,51.4,48.1,77.3,22.2
21,آذربايجان شرقي,آذرشهر, 114.5 , 57.8 , 56.7 , 76.7 , 37.7 
06,سمنان,آرادان, 12.9 , 6.5 , 6.4 , 7.7 , 5.2 
18,اصفهان,آران وبيدگل, 109.2 , 55.4 , 53.8 , 95.7 , 13.6 
10,گلستان,آزادشهر, 102.5 , 51.1 , 51.4 , 60.2 , 42.3 
01,گيلان,آستارا, 94.2 , 47.0 , 47.2 , 66.1 , 28.1 
02,گيلان,آستانه اشرفيه, 109.2 , 54.5 , 54.8 , 62.8 , 46.5 
02,مرکزي,آشتيان, 15.7 , 8.0 , 7.7 , 8.8 , 6.9 
26,خوزستان,آغاجاري, 17.9 , 8.8 , 9.1 , 13.6 , 4.2 
08,گلستان,آق قلا, 139.5 , 69.8 , 69.7 , 47.3 , 92.3 
01,مازندران,آمل, 417.2 , 208.8 , 208.4 , 258.8 , 158.4 
06,قزوين,آوج,40.6,20.8,19.8,12.1,28.5
02,مازندران,بابل, 546.8 , 274.6 , 272.2 , 325.6 , 221.2 
16,مازندران,بابلسر, 141.4 , 69.7 , 71.7 , 82.7 , 58.7 
37,خراسان رضوئ,باخرز, 50.0 , 24.9 , 25.1 , 11.0 , 39.0 
19,آذربايجان غربي,باروق, 22.5 , 11.4 , 11.1 , 4.3 , 18.2 
07,كهگيلويه وبويراحمد,باشت, 21.7 , 10.9 , 10.9 , 12.1 , 9.6 
15,خوزستان,باغ ملک, 105.5 , 53.8 , 51.7 , 54.0 , 51.4 
01,كرمان,بافت, 87.3 , 43.7 , 43.5 , 43.0 , 44.3 
02,يزد,بافق, 60.7 , 31.0 , 29.7 , 56.3 , 4.5 
01,كردستان,بانه, 165.2 , 83.7 , 81.5 , 123.6 , 41.6 
24,خوزستان,باوي, 106.4 , 53.2 , 53.2 , 78.9 , 27.5 
31,خراسان رضوئ,بجستان, 32.6 , 16.3 , 16.3 , 15.6 , 17.1 
02,خراسان شمالي,بجنورد, 344.9 , 173.0 , 171.8 , 253.2 , 91.6 
35,فارس,بختگان, 32.6 , 16.2 , 16.4 , 6.9 , 25.7 
10,ايلام,بدره, 15.2 , 7.5 , 7.7 , 5.4 , 9.8 
22,اصفهان,برخوار, 136.5 , 70.0 , 66.4 , 127.2 , 9.2 
23,خراسان رضوئ,بردسكن, 80.5 , 40.6 , 39.9 , 38.3 , 42.2 
10,كرمان,بردسير, 87.9 , 44.1 , 43.7 , 44.5 , 43.4 
02,لرستان,بروجرد, 333.5 , 166.8 , 166.7 , 253.2 , 80.2 
01,چهارمحال وبختياري,بروجن, 124.7 , 63.0 , 61.7 , 107.4 , 17.2 
13,آذربايجان شرقي,بستان آباد, 94.9 , 48.5 , 46.4 , 30.3 , 64.7 
09,هرمزگان,بستك, 83.3 , 42.3 , 41.0 , 25.2 , 58.1 
13,هرمزگان,بشاگرد, 34.1 , 17.0 , 17.1 , 3.0 , 31.1 
08,خراسان جنوبي,بشرويه, 28.1 , 14.2 , 13.9 , 21.3 , 6.8 
02,كرمان,بم, 251.1 , 130.1 , 121.0 , 170.9 , 80.2 
20,سيستان وبلوچستان,بمپور, 67.6 , 33.1 , 34.5 , 30.3 , 37.4 
09,چهارمحال وبختياري,بن, 28.9 , 14.7 , 14.2 , 20.4 , 8.4 
12,آذربايجان شرقي,بناب, 139.9 , 70.6 , 69.4 , 92.2 , 47.7 
03,گيلان,بندرانزلي, 140.3 , 70.0 , 70.3 , 121.1 , 19.3 
02,هرمزگان,بندرعباس, 750.5 , 381.9 , 368.6 , 600.0 , 150.5 
01,گلستان,بندرگز, 49.0 , 24.6 , 24.3 , 29.9 , 19.1 
03,هرمزگان,بندرلنگه, 178.1 , 94.4 , 83.7 , 109.1 , 69.0 
05,خوزستان,بندرماهشهر, 322.1 , 162.6 , 159.4 , 300.6 , 21.4 
11,يزد,بهاباد, 18.1 , 8.8 , 9.3 , 10.3 , 7.8 
07,همدان,بهار, 119.7 , 60.2 , 59.5 , 57.5 , 62.2 
19,تهران,بهارستان, 568.0 , 292.8 , 275.2 , 529.3 , 38.6 
06,خوزستان,بهبهان, 196.7 , 100.1 , 96.6 , 158.0 , 38.8 
04,مازندران,بهشهر, 170.9 , 87.7 , 83.3 , 116.6 , 54.3 
05,كهگيلويه وبويراحمد,بهمئي, 37.2 , 18.8 , 18.4 , 19.9 , 17.3 
24,اصفهان,بو يين و مياندشت, 22.0 , 11.3 , 10.6 , 12.6 , 9.4 
16,فارس,بوانات, 29.2 , 14.8 , 14.3 , 12.8 , 16.4 
01,بوشهر,بوشهر, 324.9 , 169.2 , 155.8 , 297.1 , 27.8 
10,آذربايجان غربي,بوكان, 273.0 , 138.0 , 135.0 , 212.0 , 60.9 
01,كهگيلويه وبويراحمد,بويراحمد, 310.6 , 157.0 , 153.6 , 182.3 , 128.3 
01,قزوين,بوئين زهرا,121.7,62.1,59.5,64.5,57.2
02,كردستان,بيجار, 91.8 , 46.0 , 45.8 , 61.2 , 30.7 
01,خراسان جنوبي,بيرجند, 282.2 , 143.2 , 139.0 , 223.6 , 58.6 
31,فارس,بيضا, 43.5 , 22.0 , 21.5 , 9.3 , 34.2 
02,اردبيل,بيله سوار, 50.1 , 25.5 , 24.6 , 23.7 , 26.4 
32,خراسان رضوئ,بينالود, 80.6 , 41.4 , 39.1 , 46.1 , 34.5 
06,اردبيل,پارس آباد, 145.5 , 74.7 , 70.8 , 104.7 , 40.8 
11,هرمزگان,پارسيان, 57.1 , 28.9 , 28.2 , 29.8 , 27.3 
23,فارس,پاسارگاد, 29.6 , 15.2 , 14.4 , 18.3 , 11.2 
13,تهران,پاكدشت, 386.5 , 194.7 , 191.7 , 304.5 , 82.0 
03,کرمانشاه,پاوه, 63.7 , 32.0 , 31.7 , 47.6 , 16.1 
20,تهران,پرديس, 240.1 , 122.1 , 117.9 , 220.4 , 19.7 
08,لرستان,پلدختر, 72.8 , 36.7 , 36.1 , 39.1 , 33.7 
15,آذربايجان غربي,پلدشت, 43.3 , 21.9 , 21.4 , 15.2 , 28.0 
02,آذربايجان غربي,پيرانشهر, 152.5 , 77.7 , 74.7 , 109.2 , 43.2 
18,تهران,پيشوا, 90.1 , 44.8 , 45.3 , 69.3 , 20.8 
02,قزوين,تاكستان,173.4,88.5,84.9,121,52.4
04,خراسان رضوئ,تايباد, 135.1 , 68.5 , 66.6 , 82.2 , 53.0 
03,آذربايجان شرقي,تبريز," 1,851.8 ", 935.4 , 916.4 ," 1,722.3 ", 129.5 
06,خراسان رضوئ,تربت جام, 235.9 , 119.2 , 116.7 , 130.7 , 105.3 
05,خراسان رضوئ,تربت حيدريه, 239.1 , 122.1 , 117.0 , 159.1 , 80.0 
02,گلستان,تركمن, 87.9 , 44.3 , 43.6 , 64.8 , 23.1 
03,يزد,تفت, 40.8 , 20.7 , 20.1 , 21.7 , 19.0 
21,سيستان وبلوچستان,تفتان, 51.1 , 25.1 , 25.9 , 8.3 , 42.8 
03,مرکزي,تفرش, 24.3 , 12.0 , 12.3 , 16.9 , 7.4 
12,آذربايجان غربي,تكاب, 83.9 , 42.1 , 41.8 , 54.8 , 29.0 
05,مازندران,تنكابن, 171.2 , 85.5 , 85.8 , 92.4 , 78.9 
02,بوشهر,تنگستان, 80.4 , 40.1 , 40.3 , 25.2 , 55.1 
01,تهران,تهران," 9,039.5 "," 4,497.9 "," 4,541.6 "," 8,992.0 ", 47.4 
01,همدان,تويسركان, 102.8 , 50.8 , 52.0 , 57.9 , 44.9 
19,اصفهان,تيران وکرون, 72.1 , 36.5 , 35.6 , 32.2 , 40.0 
12,کرمانشاه,ثلاث باباجاني, 36.1 , 18.4 , 17.7 , 19.9 , 16.1 
03,خراسان شمالي,جاجرم, 37.3 , 19.0 , 18.4 , 25.3 , 12.0 
06,هرمزگان,جاسك, 64.5 , 32.5 , 32.1 , 21.4 , 43.1 
26,اصفهان,جرقويه, 38.9 , 19.8 , 19.1 , 21.7 , 17.3 
02,قم,جعفرآباد, 26.9 , 13.7 , 13.2 , 12.5 , 14.4 
34,خراسان رضوئ,جغتاي, 52.5 , 26.5 , 26.0 , 12.5 , 40.0 
19,آذربايجان شرقي,جلفا, 63.7 , 32.6 , 31.1 , 46.4 , 17.3 
09,بوشهر,جم, 74.4 , 38.7 , 35.7 , 48.2 , 26.3 
04,فارس,جهرم, 197.9 , 105.0 , 92.9 , 160.5 , 37.4 
09,کرمانشاه,جوانرود, 78.1 , 39.8 , 38.3 , 58.8 , 19.3 
21,مازندران,جويبار, 76.8 , 38.8 , 37.9 , 34.3 , 42.4 
36,خراسان رضوئ,جوين, 56.9 , 28.8 , 28.2 , 19.6 , 37.3 
03,كرمان,جيرفت, 328.7 , 166.8 , 161.9 , 181.9 , 146.7 
20,اصفهان,چادگان, 30.5 , 15.6 , 14.9 , 14.2 , 16.3 
23,آذربايجان شرقي,چاراويماق, 32.2 , 16.3 , 15.9 , 6.3 , 25.8 
14,آذربايجان غربي,چالدران, 45.4 , 23.0 , 22.4 , 21.2 , 24.2 
20,مازندران,چالوس, 121.0 , 61.3 , 59.7 , 86.8 , 34.2 
02,سيستان وبلوچستان,چاه بهار, 236.5 , 119.9 , 116.6 , 137.4 , 99.1 
16,آذربايجان غربي,چايپاره, 51.0 , 25.9 , 25.1 , 30.4 , 20.6 
06,كهگيلويه وبويراحمد,چرام, 33.8 , 16.9 , 16.9 , 17.4 , 16.4 
04,ايلام,چرداول, 42.1 , 21.6 , 20.5 , 24.3 , 17.8 
10,لرستان,چگني, 41.4 , 20.9 , 20.5 , 4.8 , 36.6 
18,خراسان رضوئ,چناران, 93.0 , 49.4 , 43.6 , 63.9 , 29.1 
07,البرز,چهارباغ, 77.8 , 40.2 , 37.6 , 48.8 , 29.0 
18,آذربايجان غربي,چهاربرج, 27.1 , 14.0 , 13.1 , 10.0 , 17.1 
12,ايلام,چوار, 9.9 , 5.1 , 4.8 , 5.8 , 4.0 
08,هرمزگان,حاجي اباد, 74.0 , 38.0 , 36.0 , 35.3 , 38.7 
25,خوزستان,حميديه, 59.0 , 30.0 , 29.0 , 23.9 , 35.1 
09,يزد,خاتم, 21.4 , 11.0 , 10.4 , 13.7 , 7.7 
03,سيستان وبلوچستان,خاش, 141.1 , 70.8 , 70.3 , 72.3 , 68.8 
10,چهارمحال وبختياري,خانميرزا, 56.3 , 29.0 , 27.3 , 5.8 , 50.6 
26,آذربايجان شرقي,خداآفرين, 33.0 , 16.5 , 16.5 , 3.6 , 29.4 
03,زنجان,خدابنده, 163.7 , 83.1 , 80.6 , 67.2 , 96.5 
29,فارس,خرامه, 51.2 , 25.9 , 25.3 , 27.5 , 23.6 
03,لرستان,خرم آباد, 528.3 , 265.3 , 262.9 , 396.3 , 131.9 
18,فارس,خرم بيد, 51.0 , 25.9 , 25.0 , 41.6 , 9.4 
07,زنجان,خرمدره, 71.5 , 36.1 , 35.5 , 59.1 , 12.5 
07,خوزستان,خرمشهر, 181.9 , 91.0 , 91.0 , 151.5 , 30.5 
34,فارس,خفر, 44.0 , 22.6 , 21.4 , 11.3 , 32.7 
03,اردبيل,خلخال, 83.9 , 42.0 , 41.9 , 46.9 , 37.0 
29,خراسان رضوئ,خليل آباد, 55.6 , 28.0 , 27.7 , 20.8 , 34.8 
17,گيلان,خمام, 54.5 , 27.4 , 27.1 , 23.2 , 31.4 
10,هرمزگان,خمير, 57.7 , 28.7 , 29.0 , 28.2 , 29.5 
04,مرکزي,خمين, 104.2 , 52.7 , 51.5 , 77.8 , 26.4 
03,اصفهان,خميني شهر, 336.6 , 173.3 , 163.3 , 332.1 , 4.5 
24,فارس,خنج, 42.3 , 20.9 , 21.4 , 19.8 , 22.4 
12,مرکزي,خنداب, 49.8 , 25.8 , 24.1 , 13.3 , 36.5 
19,خراسان رضوئ,خواف, 153.0 , 77.3 , 75.7 , 77.4 , 75.6 
04,اصفهان,خوانسار, 34.1 , 16.8 , 17.2 , 25.7 , 8.3 
23,اصفهان,خور و بيابانک, 21.8 , 10.9 , 10.9 , 15.0 , 6.8 
10,خراسان جنوبي,خوسف, 29.8 , 17.0 , 12.8 , 11.4 , 18.3 
38,خراسان رضوئ,خوشاب, 33.2 , 16.7 , 16.5 , 12.8 , 20.4 
03,آذربايجان غربي,خوئ, 349.7 , 176.5 , 173.2 , 226.5 , 123.2 
05,فارس,داراب, 210.1 , 107.1 , 103.1 , 102.1 , 108.0 
13,کرمانشاه,دالاهو, 33.0 , 16.2 , 16.8 , 15.5 , 17.5 
01,سمنان,دامغان, 100.1 , 49.8 , 50.3 , 78.0 , 22.1 
39,خراسان رضوئ,داورزن, 23.5 , 11.9 , 11.6 , 3.9 , 19.6 
07,خراسان رضوئ,درگز, 73.0 , 36.8 , 36.2 , 43.6 , 29.5 
10,همدان,درگزين, 36.3 , 18.0 , 18.3 , 13.5 , 22.8 
02,خراسان جنوبي,درميان, 55.7 , 28.2 , 27.5 , 16.1 , 39.6 
02,ايلام,دره شهر, 43.8 , 22.5 , 21.3 , 24.1 , 19.7 
29,خوزستان,دزپارت, 18.2 , 8.9 , 9.2 , 6.2 , 12.0 
08,خوزستان,دزفول, 472.9 , 243.7 , 229.2 , 360.9 , 112.0 
09,خوزستان,دشت آزادگان, 114.4 , 58.0 , 56.4 , 75.7 , 38.7 
03,بوشهر,دشتستان, 267.2 , 135.1 , 132.2 , 184.4 , 82.8 
04,بوشهر,دشتي, 91.1 , 45.7 , 45.4 , 64.2 , 26.9 
22,سيستان وبلوچستان,دشتياري, 85.1 , 44.3 , 40.8 , 12.1 , 73.0 
04,لرستان,دلفان, 145.4 , 74.2 , 71.2 , 71.6 , 73.8 
12,سيستان وبلوچستان,دلگان, 72.2 , 35.7 , 36.5 , 16.2 , 56.0 
05,مرکزي,دليجان, 54.2 , 27.7 , 26.5 , 46.8 , 7.3 
02,تهران,دماوند, 136.6 , 68.8 , 67.8 , 107.7 , 28.9 
04,كهگيلويه وبويراحمد,دنا, 43.0 , 21.7 , 21.4 , 9.9 , 33.2 
21,اصفهان,دهاقان, 34.0 , 17.2 , 16.7 , 24.5 , 9.5 
10,كردستان,دهگلان, 65.4 , 33.3 , 32.0 , 31.5 , 33.9 
03,ايلام,دهلران, 64.6 , 33.3 , 31.3 , 41.5 , 23.1 
05,لرستان,دورود, 177.9 , 90.4 , 87.5 , 127.8 , 50.1 
05,بوشهر,دير, 65.4 , 33.4 , 31.9 , 52.5 , 12.8 
08,بوشهر,ديلم, 37.3 , 19.0 , 18.2 , 30.7 , 6.6 
07,كردستان,ديواندره, 80.6 , 40.9 , 39.7 , 39.5 , 41.1 
18,كرمان,رابر, 34.4 , 17.3 , 17.0 , 14.9 , 19.5 
08,خراسان شمالي,راز و جرگلان, 59.7 , 29.6 , 30.1 , 12.8 , 46.9 
08,سيستان وبلوچستان,راسک, 108.2 , 54.7 , 53.5 , 35.2 , 73.0 
06,مازندران,رامسر, 76.9 , 38.6 , 38.3 , 59.5 , 17.5 
19,خوزستان,رامشير, 58.1 , 29.2 , 28.9 , 30.1 , 27.9 
10,خوزستان,رامهرمز, 120.3 , 60.8 , 59.5 , 82.7 , 37.6 
11,گلستان,راميان, 87.8 , 43.7 , 44.1 , 38.3 , 49.6 
11,كرمان,راور, 43.7 , 21.7 , 22.0 , 23.5 , 20.1 
12,تهران,رباط کريم, 376.4 , 189.9 , 186.5 , 319.3 , 57.1 
08,همدان,رزن, 70.4 , 35.4 , 35.0 , 18.9 , 51.5 
26,فارس,رستم, 43.7 , 21.0 , 22.6 , 12.4 , 31.3 
05,گيلان,رشت, 937.6 , 468.9 , 468.8 , 776.9 , 160.7 
27,خراسان رضوئ,رشتخوار, 63.7 , 32.1 , 31.7 , 14.9 , 48.8 
14,گيلان,رضوانشهر, 70.3 , 34.9 , 35.4 , 30.3 , 40.0 
04,كرمان,رفسنجان, 324.2 , 170.2 , 154.0 , 198.5 , 125.7 
14,کرمانشاه,روانسر, 49.4 , 25.1 , 24.3 , 31.7 , 17.6 
07,هرمزگان,رودان, 133.1 , 66.6 , 66.6 , 49.5 , 83.6 
06,گيلان,رودبار, 90.4 , 45.6 , 44.8 , 56.2 , 34.2 
15,كرمان,رودبارجنوب, 102.8 , 51.2 , 51.6 , 22.8 , 79.9 
07,گيلان,رودسر, 148.0 , 73.8 , 74.2 , 76.6 , 71.4 
11,لرستان,رومشکان, 39.5 , 19.8 , 19.7 , 10.4 , 29.1 
17,كرمان,ريگان, 106.7 , 54.8 , 51.8 , 54.3 , 52.4 
03,تهران,رئ, 364.3 , 193.1 , 171.2 , 207.3 , 157.0 
04,سيستان وبلوچستان,زابل, 175.2 , 86.1 , 89.1 , 149.0 , 26.2 
05,سيستان وبلوچستان,زاهدان, 770.8 , 389.5 , 381.3 , 676.5 , 94.4 
35,خراسان رضوئ,زاوه, 68.8 , 34.4 , 34.4 , 10.6 , 58.2 
42,خراسان رضوئ,زبرخان, 58.0 , 29.1 , 28.9 , 26.1 , 31.9 
26,سيستان وبلوچستان,زرآباد, 22.3 , 11.7 , 10.7 , 5.1 , 17.2 
30,فارس,زرقان, 58.8 , 29.9 , 28.8 , 48.7 , 10.0 
05,كرمان,زرند, 141.6 , 71.0 , 70.6 , 79.0 , 62.6 
10,مرکزي,زرنديه, 68.7 , 34.5 , 34.2 , 44.5 , 24.2 
19,فارس,زرين دشت, 76.5 , 38.7 , 37.8 , 46.3 , 30.2 
04,زنجان,زنجان, 552.0 , 277.6 , 274.4 , 463.6 , 88.4 
10,سيستان وبلوچستان,زهک, 75.0 , 38.1 , 36.8 , 14.8 , 60.2 
09,خراسان جنوبي,زيرکوه, 40.8 , 20.9 , 19.9 , 11.0 , 29.8 
07,مازندران,سارئ, 524.2 , 262.9 , 261.3 , 374.4 , 149.9 
08,چهارمحال وبختياري,سامان, 33.7 , 17.1 , 16.5 , 15.9 , 17.7 
02,البرز,ساوجبلاغ, 199.1 , 99.5 , 99.6 , 137.6 , 61.5 
06,مرکزي,ساوه, 304.1 , 154.9 , 149.3 , 254.7 , 49.5 
08,خراسان رضوئ,سبزوار, 299.8 , 149.7 , 150.2 , 262.8 , 37.0 
06,فارس,سپيدان, 50.6 , 25.3 , 25.3 , 16.9 , 33.6 
05,آذربايجان شرقي,سراب, 122.8 , 62.6 , 60.2 , 57.8 , 65.0 
06,سيستان وبلوچستان,سراوان, 175.7 , 88.3 , 87.4 , 84.6 , 91.1 
06,خراسان جنوبي,سرايان, 34.7 , 17.4 , 17.3 , 25.0 , 9.8 
23,سيستان وبلوچستان,سرباز, 93.9 , 47.0 , 46.9 , 3.2 , 90.8 
03,خراسان جنوبي,سربيشه, 42.7 , 21.4 , 21.3 , 16.1 , 26.6 
04,کرمانشاه,سرپل ذهاب, 80.0 , 41.5 , 38.4 , 44.3 , 35.7 
32,فارس,سرچهان, 23.9 , 12.4 , 11.5 , 7.0 , 16.9 
20,خراسان رضوئ,سرخس, 106.6 , 54.0 , 52.6 , 47.0 , 59.6 
08,سمنان,سرخه, 15.9 , 7.9 , 8.0 , 10.2 , 5.6 
04,آذربايجان غربي,سردشت, 126.2 , 64.0 , 62.2 , 84.5 , 41.7 
10,اردبيل,سرعين, 18.5 , 9.6 , 8.9 , 7.1 , 11.5 
09,كردستان,سروآباد, 43.7 , 22.1 , 21.6 , 8.8 , 34.9 
25,فارس,سروستان, 37.1 , 18.5 , 18.7 , 20.3 , 16.9 
03,كردستان,سقز, 236.3 , 118.6 , 117.8 , 181.5 , 54.9 
09,لرستان,سلسله, 77.1 , 38.6 , 38.5 , 39.3 , 37.8 
10,زنجان,سلطانيه, 29.8 , 15.0 , 14.7 , 8.2 , 21.6 
05,آذربايجان غربي,سلماس, 202.6 , 102.9 , 99.7 , 104.9 , 97.7 
02,سمنان,سمنان, 221.2 , 114.2 , 107.0 , 211.5 , 9.7 
05,اصفهان,سميرم, 74.7 , 37.8 , 36.9 , 41.5 , 33.2 
05,کرمانشاه,سنقر, 75.8 , 37.9 , 37.9 , 46.2 , 29.6 
04,كردستان,سنندج, 528.5 , 266.5 , 262.0 , 448.4 , 80.1 
08,مازندران,سوادكوه, 45.2 , 22.5 , 22.7 , 26.0 , 19.2 
27,مازندران,سوادکوه شمالي, 25.4 , 12.4 , 13.0 , 8.9 , 16.6 
15,گيلان,سياهكل, 46.6 , 22.9 , 23.6 , 23.2 , 23.4 
14,سيستان وبلوچستان,سيب و سوران, 95.9 , 47.3 , 48.5 , 26.2 , 69.6 
06,كرمان,سيرجان, 369.9 , 189.9 , 180.0 , 275.1 , 94.8 
09,ايلام,سيروان, 13.4 , 6.9 , 6.6 , 2.7 , 10.7 
12,هرمزگان,سيريك, 49.4 , 24.7 , 24.7 , 13.4 , 36.0 
26,مازندران,سيمرغ, 19.8 , 9.8 , 9.9 , 8.1 , 11.6 
11,خوزستان,شادگان, 130.5 , 65.8 , 64.6 , 45.1 , 85.4 
07,مرکزي,شازند, 117.7 , 59.3 , 58.4 , 68.0 , 49.6 
03,سمنان,شاهرود, 230.9 , 117.5 , 113.5 , 187.3 , 43.6 
11,آذربايجان غربي,شاهين دژ, 94.8 , 47.8 , 47.0 , 57.7 , 37.1 
16,اصفهان,شاهين شهروميمه, 278.4 , 139.0 , 139.4 , 264.8 , 13.7 
14,آذربايجان شرقي,شبستر, 144.2 , 72.1 , 72.1 , 83.5 , 60.7 
43,خراسان رضوئ,ششتمد, 23.4 , 12.0 , 11.4 , 2.6 , 20.8 
12,گيلان,شفت, 50.4 , 25.1 , 25.3 , 11.1 , 39.2 
04,تهران,شميرانات, 48.9 , 25.0 , 23.9 , 30.5 , 18.4 
07,كرمان,شهربابك, 112.9 , 59.9 , 53.0 , 82.8 , 30.1 
09,اصفهان,شهرضا, 169.8 , 86.4 , 83.4 , 152.8 , 17.0 
02,چهارمحال وبختياري,شهرکرد, 341.8 , 171.5 , 170.3 , 314.7 , 27.1 
09,تهران,شهريار, 831.9 , 421.8 , 410.1 , 745.3 , 86.6 
14,خوزستان,شوش, 138.9 , 70.2 , 68.7 , 94.0 , 44.9 
12,خوزستان,شوشتر, 196.2 , 100.1 , 96.0 , 127.4 , 68.8 
17,آذربايجان غربي,شوط, 59.1 , 30.0 , 29.1 , 35.2 , 23.9 
07,فارس,شيراز," 1,955.5 ", 980.0 , 975.5 ," 1,800.5 ", 155.0 
04,خراسان شمالي,شيروان, 142.1 , 72.0 , 70.1 , 94.4 , 47.6 
40,خراسان رضوئ,صالح آباد, 44.2 , 22.0 , 22.2 , 9.1 , 35.1 
10,کرمانشاه,صحنه, 66.4 , 33.3 , 33.1 , 36.8 , 29.6 
08,گيلان,صومعه سرا, 122.3 , 60.6 , 61.7 , 63.2 , 59.1 
08,زنجان,طارم, 48.1 , 24.2 , 23.9 , 10.8 , 37.3 
04,البرز,طالقان, 14.1 , 7.2 , 6.9 , 2.3 , 11.8 
11,خراسان جنوبي,طبس, 77.5 , 39.7 , 37.9 , 51.1 , 26.4 
04,گيلان,طوالش, 205.2 , 102.6 , 102.6 , 81.2 , 124.0 
24,مازندران,عباس آباد, 54.3 , 27.5 , 26.8 , 30.6 , 23.6 
25,آذربايجان شرقي,عجب شير, 73.4 , 39.9 , 33.6 , 36.1 , 37.3 
10,بوشهر,عسلويه, 77.4 , 54.3 , 23.2 , 49.0 , 28.4 
03,گلستان,علي آباد کتول, 149.5 , 74.6 , 74.9 , 88.0 , 61.4 
12,كرمان,عنبرآباد, 76.3 , 38.1 , 38.2 , 24.1 , 52.2 
03,چهارمحال وبختياري,فارسان, 95.8 , 48.8 , 47.0 , 82.0 , 13.8 
05,خراسان شمالي,فاروج, 47.8 , 24.2 , 23.6 , 16.6 , 31.2 
22,كرمان,فارياب, 31.3 , 15.5 , 15.8 , 3.6 , 27.7 
09,همدان,فامنين, 38.7 , 20.1 , 18.6 , 14.1 , 24.6 
22,فارس,فراشبند, 46.3 , 23.9 , 22.3 , 27.4 , 18.9 
13,مرکزي,فراهان, 29.0 , 14.7 , 14.3 , 14.6 , 14.4 
07,خراسان جنوبي,فردوس, 49.4 , 24.8 , 24.6 , 42.3 , 7.1 
06,البرز,فرديس, 587.7 , 298.4 , 289.3 , 556.6 , 31.1 
06,اصفهان,فريدن, 45.7 , 23.7 , 22.1 , 24.5 , 21.2 
07,اصفهان,فريدونشهر, 32.7 , 16.9 , 15.8 , 18.5 , 14.2 
23,مازندران,فريدونكنار, 61.9 , 31.4 , 30.5 , 44.4 , 17.5 
22,خراسان رضوئ,فريمان, 106.0 , 53.6 , 52.5 , 62.2 , 43.8 
08,فارس,فسا, 207.9 , 105.9 , 102.0 , 145.9 , 62.0 
08,اصفهان,فلاورجان, 249.3 , 127.5 , 121.8 , 171.9 , 77.4 
19,سيستان وبلوچستان,فنوج, 51.7 , 25.8 , 26.0 , 19.2 , 32.5 
19,كرمان,فهرج, 64.7 , 34.1 , 30.6 , 6.7 , 58.0 
09,گيلان,فومن, 90.1 , 44.8 , 45.3 , 41.0 , 49.0 
09,فارس,فيروزآباد, 116.0 , 58.7 , 57.3 , 76.2 , 39.8 
14,تهران,فيروزكوه, 31.2 , 15.8 , 15.4 , 17.9 , 13.3 
33,خراسان رضوئ,فيروزه, 40.3 , 20.5 , 19.8 , 11.4 , 28.9 
10,مازندران,قائم شهر, 308.2 , 154.5 , 153.7 , 217.3 , 90.9 
04,خراسان جنوبي,قائنات, 123.6 , 62.5 , 61.1 , 66.0 , 57.6 
16,تهران,قدس, 335.2 , 172.0 , 163.1 , 328.4 , 6.8 
21,تهران,قرچک, 295.0 , 151.4 , 143.6 , 256.9 , 38.1 
05,كردستان,قروه, 144.6 , 72.8 , 71.8 , 105.2 , 39.4 
03,قزوين,قزوين,621.8,316,305.8,518.2,103.6
04,هرمزگان,قشم, 160.1 , 81.7 , 78.4 , 84.7 , 75.3 
06,کرمانشاه,قصرشيرين, 23.2 , 12.0 , 11.2 , 19.8 , 3.5 
18,سيستان وبلوچستان,قصرقند, 66.3 , 32.9 , 33.5 , 18.2 , 48.1 
16,كرمان,قلعه گنج, 73.1 , 35.9 , 37.2 , 17.4 , 55.6 
01,قم,قم," 1,353.3 ", 686.0 , 667.3 ," 1,320.9 ", 32.4 
13,خراسان رضوئ,قوچان, 175.7 , 89.2 , 86.5 , 106.2 , 69.5 
20,فارس,قيروکارزين, 71.9 , 37.4 , 34.5 , 43.3 , 28.6 
14,خراسان رضوئ,كاشمر, 156.0 , 78.3 , 77.7 , 111.5 , 44.5 
08,كردستان,كامياران, 105.3 , 53.7 , 51.5 , 65.5 , 39.7 
05,همدان,كبودرآهنگ, 120.6 , 61.2 , 59.4 , 27.7 , 92.9 
04,گلستان,كردكوئ, 73.6 , 37.1 , 36.5 , 43.1 , 30.5 
08,كرمان,كرمان, 791.3 , 402.1 , 389.1 , 683.9 , 107.4 
28,خراسان رضوئ,كلات, 36.2 , 18.4 , 17.8 , 17.9 , 18.3 
09,گلستان,كلاله, 123.0 , 61.3 , 61.6 , 44.5 , 78.5 
06,بوشهر,كنگان, 112.9 , 73.0 , 39.9 , 85.6 , 27.3 
02,كهگيلويه وبويراحمد,كهگيلويه, 129.0 , 64.9 , 64.2 , 69.8 , 59.2 
09,كرمان,كهنوج, 101.0 , 51.0 , 50.0 , 63.6 , 37.4 
07,اردبيل,كوثر, 18.8 , 9.6 , 9.2 , 5.8 , 13.0 
14,كرمان,كوهبنان, 19.6 , 9.8 , 9.8 , 13.3 , 6.3 
27,خوزستان,کارون, 109.8 , 55.7 , 54.0 , 60.9 , 48.8 
10,فارس,کازرون, 219.1 , 110.5 , 108.6 , 123.9 , 95.2 
10,اصفهان,کاشان, 407.5 , 205.7 , 201.8 , 362.2 , 45.3 
01,البرز,کرج," 1,842.3 ", 929.7 , 912.7 ," 1,810.8 ", 31.5 
28,خوزستان,کرخه, 68.9 , 35.3 , 33.6 , 16.0 , 52.9 
02,کرمانشاه,کرمانشاه," 1,153.3 ", 582.5 , 570.8 ," 1,032.0 ", 121.3 
28,مازندران,کلاردشت, 25.6 , 12.9 , 12.7 , 14.0 , 11.7 
15,آذربايجان شرقي,کليبر, 44.1 , 23.1 , 21.0 , 11.9 , 32.2 
11,مرکزي,کميجان, 34.2 , 17.4 , 16.7 , 18.1 , 16.1 
09,سيستان وبلوچستان,کنارک, 93.2 , 51.4 , 41.7 , 54.2 , 39.0 
07,کرمانشاه,کنگاور, 72.8 , 36.6 , 36.3 , 54.1 , 18.7 
03,قم,کهک, 19.2 , 9.9 , 9.3 , 5.9 , 13.3 
28,فارس,کوار, 89.0 , 45.5 , 43.6 , 49.2 , 39.8 
33,فارس,کوه چنار, 55.9 , 27.9 , 28.0 , 30.8 , 25.1 
25,اصفهان,کوهپايه, 24.4 , 12.1 , 12.3 , 16.0 , 8.3 
06,لرستان,کوهدشت, 160.6 , 80.9 , 79.8 , 100.9 , 59.8 
06,چهارمحال وبختياري,کوهرنگ, 45.3 , 23.2 , 22.1 , 5.9 , 39.4 
41,خراسان رضوئ,کوهسرخ, 25.5 , 12.7 , 12.7 , 5.7 , 19.8 
07,چهارمحال وبختياري,کيار, 50.1 , 25.5 , 24.6 , 25.2 , 24.8 
14,گلستان,گاليكش, 66.2 , 33.3 , 32.9 , 28.2 , 38.0 
20,خوزستان,گتوند, 67.1 , 34.5 , 32.6 , 46.8 , 20.3 
03,كهگيلويه وبويراحمد,گچساران, 128.3 , 64.5 , 63.8 , 100.3 , 28.0 
27,فارس,گراش, 57.5 , 29.5 , 28.1 , 39.5 , 18.0 
05,گلستان,گرگان, 511.1 , 255.7 , 255.4 , 407.1 , 104.0 
04,سمنان,گرمسار, 86.2 , 43.3 , 42.9 , 69.8 , 16.4 
07,خراسان شمالي,گرمه, 26.7 , 13.7 , 13.1 , 20.6 , 6.1 
05,اردبيل,گرمي, 52.7 , 26.6 , 26.1 , 28.1 , 24.6 
44,خراسان رضوئ,گلبهار, 100.3 , 51.3 , 48.9 , 75.9 , 24.4 
11,اصفهان,گلپايگان, 93.6 , 47.5 , 46.1 , 78.9 , 14.7 
24,سيستان وبلوچستان,گلشن, 37.1 , 18.2 , 18.8 , 21.3 , 15.8 
22,مازندران,گلوگاه, 39.4 , 19.8 , 19.5 , 21.2 , 18.1 
13,گلستان,گميشان, 74.0 , 37.3 , 36.7 , 40.7 , 33.3 
15,خراسان رضوئ,گناباد, 97.0 , 48.3 , 48.8 , 57.5 , 39.5 
07,بوشهر,گناوه, 109.5 , 55.7 , 53.8 , 85.9 , 23.6 
06,گلستان,گنبدكاووس, 369.4 , 185.2 , 184.3 , 174.1 , 195.3 
08,کرمانشاه,گيلانغرب, 52.7 , 26.2 , 26.5 , 26.0 , 26.7 
11,فارس,لارستان, 167.6 , 84.2 , 83.4 , 105.3 , 62.3 
25,سيستان وبلوچستان,لاشار, 37.9 , 19.0 , 18.9 , 6.2 , 31.7 
17,خوزستان,لالي, 37.7 , 19.4 , 18.3 , 18.9 , 18.8 
15,فارس,لامرد, 97.0 , 48.0 , 49.0 , 52.8 , 44.2 
11,گيلان,لاهيجان, 166.8 , 83.5 , 83.3 , 110.4 , 56.4 
04,چهارمحال وبختياري,لردگان, 160.8 , 80.9 , 79.9 , 54.8 , 106.0 
12,اصفهان,لنجان, 278.8 , 140.4 , 138.3 , 254.3 , 24.5 
08,كهگيلويه وبويراحمد,لنده, 21.8 , 10.9 , 10.9 , 12.8 , 9.0 
10,گيلان,لنگرود, 143.1 , 72.0 , 71.0 , 106.5 , 36.6 
09,كهگيلويه وبويراحمد,مارگون, 19.8 , 10.0 , 9.8 , 3.3 , 16.5 
16,گيلان,ماسال, 52.0 , 25.8 , 26.2 , 26.3 , 25.7 
06,آذربايجان غربي,ماكو, 100.3 , 51.4 , 48.8 , 59.8 , 40.5 
06,خراسان شمالي,مانه وسملقان, 100.4 , 50.7 , 49.7 , 35.6 , 64.8 
09,زنجان,ماهنشان, 39.8 , 20.2 , 19.6 , 11.0 , 28.9 
17,اصفهان,مبارکه, 156.6 , 79.9 , 76.7 , 135.6 , 21.0 
09,مرکزي,محلات, 57.8 , 29.3 , 28.5 , 53.9 , 3.9 
18,مازندران,محمودآباد, 98.3 , 49.6 , 48.8 , 38.4 , 60.0 
06,آذربايجان شرقي,مراغه, 272.4 , 137.9 , 134.5 , 183.9 , 88.5 
12,گلستان,مراوه تپه, 62.7 , 31.1 , 31.5 , 11.7 , 50.9 
07,آذربايجان شرقي,مرند, 249.0 , 126.7 , 122.3 , 161.2 , 87.8 
12,فارس,مرودشت, 337.1 , 172.5 , 164.6 , 193.8 , 143.3 
12,يزد,مروست, 15.9 , 8.3 , 7.5 , 9.9 , 6.0 
06,كردستان,مريوان, 204.5 , 104.4 , 100.1 , 162.5 , 41.9 
13,خوزستان,مسجدسليمان, 119.1 , 61.0 , 58.1 , 105.8 , 13.3 
04,اردبيل,مشگين شهر, 150.6 , 76.4 , 74.2 , 89.0 , 61.6 
16,خراسان رضوئ,مشهد," 3,619.8 "," 1,813.5 "," 1,806.3 "," 3,260.3 ", 359.5 
17,تهران,ملارد, 399.2 , 203.2 , 196.0 , 335.2 , 64.0 
02,همدان,ملاير, 297.2 , 148.8 , 148.4 , 192.6 , 104.7 
08,ايلام,ملكشاهي, 20.0 , 9.9 , 10.1 , 14.2 , 5.7 
20,آذربايجان شرقي,ملکان, 117.4 , 60.1 , 57.4 , 39.1 , 78.4 
13,فارس,ممسني, 112.7 , 57.3 , 55.5 , 65.0 , 47.7 
13,كرمان,منوجان, 63.7 , 31.4 , 32.3 , 21.3 , 42.3 
30,خراسان رضوئ,مه ولات, 55.2 , 27.7 , 27.4 , 23.5 , 31.7 
07,آذربايجان غربي,مهاباد, 255.6 , 128.1 , 127.5 , 200.5 , 55.1 
05,سمنان,مهدئ شهر, 51.5 , 25.9 , 25.7 , 47.1 , 4.5 
21,فارس,مهر, 67.8 , 34.2 , 33.7 , 36.4 , 31.4 
05,ايلام,مهران, 31.3 , 16.0 , 15.4 , 21.0 , 10.4 
13,سيستان وبلوچستان,مهرستان, 78.8 , 39.0 , 39.8 , 19.4 , 59.5 
04,يزد,مهريز, 53.8 , 27.2 , 26.6 , 35.9 , 17.9 
07,سمنان,ميامي, 38.4 , 18.9 , 19.6 , 6.2 , 32.2 
08,آذربايجان غربي,مياندوآب, 238.2 , 122.2 , 116.0 , 146.7 , 91.5 
25,مازندران,مياندورود, 55.9 , 27.8 , 28.1 , 11.7 , 44.2 
10,آذربايجان شرقي,ميانه, 183.6 , 93.9 , 89.7 , 119.4 , 64.2 
06,يزد,ميبد, 111.3 , 56.2 , 55.1 , 102.5 , 8.8 
17,سيستان وبلوچستان,ميرجاوه, 51.5 , 26.4 , 25.1 , 11.8 , 39.7 
05,هرمزگان,ميناب, 283.7 , 143.0 , 140.7 , 110.8 , 172.9 
07,گلستان,مينودشت, 76.7 , 38.6 , 38.1 , 38.8 , 37.9 
13,اصفهان,نايين, 40.4 , 19.8 , 20.6 , 33.6 , 6.8 
14,اصفهان,نجف آباد, 338.5 , 171.0 , 167.5 , 313.6 , 25.0 
21,كرمان,نرماشير, 48.5 , 23.8 , 24.7 , 5.5 , 43.0 
15,اصفهان,نطنز, 45.5 , 23.0 , 22.5 , 36.2 , 9.2 
03,البرز,نظرآباد, 159.4 , 81.3 , 78.1 , 132.6 , 26.8 
09,آذربايجان غربي,نقده, 133.5 , 67.3 , 66.2 , 96.1 , 37.4 
19,مازندران,نكا, 123.2 , 61.9 , 61.3 , 67.3 , 55.9 
08,اردبيل,نمين, 60.9 , 30.7 , 30.2 , 27.2 , 33.8 
03,همدان,نهاوند, 177.0 , 88.2 , 88.7 , 91.2 , 85.8 
05,خراسان جنوبي,نهبندان, 54.0 , 27.7 , 26.3 , 23.6 , 30.4 
14,مازندران,نور, 128.2 , 64.3 , 63.9 , 60.4 , 67.8 
15,مازندران,نوشهر, 143.9 , 71.8 , 72.0 , 56.2 , 87.7 
14,فارس,ني ريز, 81.3 , 40.8 , 40.5 , 56.9 , 24.4 
09,اردبيل,نير, 18.2 , 9.4 , 8.8 , 5.5 , 12.7 
17,خراسان رضوئ,نيشابور, 418.1 , 208.5 , 209.6 , 289.9 , 128.2 
07,سيستان وبلوچستان,نيک شهر, 116.8 , 58.5 , 58.3 , 30.2 , 86.6 
15,سيستان وبلوچستان,نيمروز, 49.7 , 24.9 , 24.7 , 4.3 , 45.4 
16,سيستان وبلوچستان,هامون, 41.4 , 20.9 , 20.5 , 9.9 , 31.5 
11,کرمانشاه,هرسين, 73.6 , 37.0 , 36.5 , 49.0 , 24.6 
28,اصفهان,هرند, 24.0 , 12.3 , 11.7 , 11.6 , 12.4 
16,آذربايجان شرقي,هريس, 70.6 , 35.4 , 35.2 , 36.7 , 34.0 
11,آذربايجان شرقي,هشترود, 57.1 , 29.4 , 27.7 , 22.7 , 34.4 
22,خوزستان,هفتکل, 23.0 , 11.7 , 11.3 , 17.9 , 5.0 
11,ايلام,هليلان, 15.9 , 8.1 , 7.7 , 4.1 , 11.8 
04,همدان,همدان, 705.8 , 353.4 , 352.4 , 628.1 , 77.6 
18,خوزستان,هنديجان, 41.0 , 20.9 , 20.1 , 33.1 , 7.9 
27,آذربايجان شرقي,هوراند, 21.1 , 10.5 , 10.6 , 4.7 , 16.4 
23,خوزستان,هويزه, 43.0 , 22.3 , 20.7 , 27.2 , 15.8 
11,سيستان وبلوچستان,هيرمند, 63.1 , 32.1 , 31.0 , 8.8 , 54.3 
06,تهران,ورامين, 298.2 , 150.7 , 147.5 , 241.3 , 56.9 
24,آذربايجان شرقي,ورزقان, 54.5 , 27.5 , 27.1 , 9.0 , 45.5 
27,اصفهان,ورزنه, 27.3 , 14.0 , 13.3 , 13.4 , 13.9 
05,يزد,يزد, 725.8 , 369.3 , 356.4 , 670.3 , 55.4 
